t_s,name,utilization_gpu_pct,memory_used_mib,memory_total_mib,repeat_id,scenario,background_offered_rps
0.028227062999576447,NVIDIA GeForce RTX 4080 SUPER,11.0,15716.0,16376.0,final-control-rep1,control,
1.0595649199995023,NVIDIA GeForce RTX 4080 SUPER,73.0,15716.0,16376.0,final-control-rep1,control,
2.0843927429996256,NVIDIA GeForce RTX 4080 SUPER,74.0,15716.0,16376.0,final-control-rep1,control,
3.1100369739997404,NVIDIA GeForce RTX 4080 SUPER,75.0,15716.0,16376.0,final-control-rep1,control,
4.138330258999304,NVIDIA GeForce RTX 4080 SUPER,73.0,15716.0,16376.0,final-control-rep1,control,
5.165772088999802,NVIDIA GeForce RTX 4080 SUPER,73.0,15713.0,16376.0,final-control-rep1,control,
6.196486093999738,NVIDIA GeForce RTX 4080 SUPER,73.0,15713.0,16376.0,final-control-rep1,control,
7.224540583999442,NVIDIA GeForce RTX 4080 SUPER,74.0,15713.0,16376.0,final-control-rep1,control,
8.252349592999963,NVIDIA GeForce RTX 4080 SUPER,74.0,15712.0,16376.0,final-control-rep1,control,
9.277877331999662,NVIDIA GeForce RTX 4080 SUPER,76.0,15714.0,16376.0,final-control-rep1,control,
10.304500100000041,NVIDIA GeForce RTX 4080 SUPER,76.0,15714.0,16376.0,final-control-rep1,control,
11.332384246999936,NVIDIA GeForce RTX 4080 SUPER,74.0,15714.0,16376.0,final-control-rep1,control,
12.361131447999469,NVIDIA GeForce RTX 4080 SUPER,73.0,15714.0,16376.0,final-control-rep1,control,
13.392529803999423,NVIDIA GeForce RTX 4080 SUPER,75.0,15714.0,16376.0,final-control-rep1,control,
14.421136538999235,NVIDIA GeForce RTX 4080 SUPER,74.0,15714.0,16376.0,final-control-rep1,control,
15.450926185999379,NVIDIA GeForce RTX 4080 SUPER,70.0,15714.0,16376.0,final-control-rep1,control,
16.479459173999203,NVIDIA GeForce RTX 4080 SUPER,73.0,15714.0,16376.0,final-control-rep1,control,
17.50684842499959,NVIDIA GeForce RTX 4080 SUPER,72.0,15714.0,16376.0,final-control-rep1,control,
18.533276108999416,NVIDIA GeForce RTX 4080 SUPER,74.0,15714.0,16376.0,final-control-rep1,control,
19.558233273999576,NVIDIA GeForce RTX 4080 SUPER,74.0,15714.0,16376.0,final-control-rep1,control,
20.58829344500009,NVIDIA GeForce RTX 4080 SUPER,75.0,15714.0,16376.0,final-control-rep1,control,
21.61816140999963,NVIDIA GeForce RTX 4080 SUPER,75.0,15712.0,16376.0,final-control-rep1,control,
22.646126568,NVIDIA GeForce RTX 4080 SUPER,74.0,15712.0,16376.0,final-control-rep1,control,
23.672565414999553,NVIDIA GeForce RTX 4080 SUPER,73.0,15712.0,16376.0,final-control-rep1,control,
24.701071993999903,NVIDIA GeForce RTX 4080 SUPER,73.0,15712.0,16376.0,final-control-rep1,control,
25.731775367999944,NVIDIA GeForce RTX 4080 SUPER,67.0,15712.0,16376.0,final-control-rep1,control,
26.760269357999277,NVIDIA GeForce RTX 4080 SUPER,74.0,15712.0,16376.0,final-control-rep1,control,
27.788142800999594,NVIDIA GeForce RTX 4080 SUPER,71.0,15712.0,16376.0,final-control-rep1,control,
28.81429047199981,NVIDIA GeForce RTX 4080 SUPER,75.0,15712.0,16376.0,final-control-rep1,control,
29.844515968999985,NVIDIA GeForce RTX 4080 SUPER,74.0,15712.0,16376.0,final-control-rep1,control,
30.87465091499962,NVIDIA GeForce RTX 4080 SUPER,75.0,15712.0,16376.0,final-control-rep1,control,
31.9015590529998,NVIDIA GeForce RTX 4080 SUPER,73.0,15712.0,16376.0,final-control-rep1,control,
32.93075570599922,NVIDIA GeForce RTX 4080 SUPER,75.0,15712.0,16376.0,final-control-rep1,control,
33.95578233099968,NVIDIA GeForce RTX 4080 SUPER,74.0,15715.0,16376.0,final-control-rep1,control,
34.98885129900009,NVIDIA GeForce RTX 4080 SUPER,74.0,15715.0,16376.0,final-control-rep1,control,
36.027602377999756,NVIDIA GeForce RTX 4080 SUPER,72.0,15715.0,16376.0,final-control-rep1,control,
37.054322010999385,NVIDIA GeForce RTX 4080 SUPER,73.0,15715.0,16376.0,final-control-rep1,control,
38.081580912999925,NVIDIA GeForce RTX 4080 SUPER,75.0,15715.0,16376.0,final-control-rep1,control,
39.107459574999666,NVIDIA GeForce RTX 4080 SUPER,75.0,15712.0,16376.0,final-control-rep1,control,
40.13570898499984,NVIDIA GeForce RTX 4080 SUPER,74.0,15712.0,16376.0,final-control-rep1,control,
41.16083996699945,NVIDIA GeForce RTX 4080 SUPER,73.0,15712.0,16376.0,final-control-rep1,control,
42.18594257299992,NVIDIA GeForce RTX 4080 SUPER,73.0,15712.0,16376.0,final-control-rep1,control,
43.212360024999725,NVIDIA GeForce RTX 4080 SUPER,75.0,15712.0,16376.0,final-control-rep1,control,
44.23842421599966,NVIDIA GeForce RTX 4080 SUPER,76.0,15714.0,16376.0,final-control-rep1,control,
45.266812500000015,NVIDIA GeForce RTX 4080 SUPER,75.0,15714.0,16376.0,final-control-rep1,control,
46.297705656999824,NVIDIA GeForce RTX 4080 SUPER,70.0,15714.0,16376.0,final-control-rep1,control,
47.32667586499974,NVIDIA GeForce RTX 4080 SUPER,76.0,15719.0,16376.0,final-control-rep1,control,
48.36057857899959,NVIDIA GeForce RTX 4080 SUPER,75.0,15719.0,16376.0,final-control-rep1,control,
49.389507354999296,NVIDIA GeForce RTX 4080 SUPER,76.0,15718.0,16376.0,final-control-rep1,control,
50.42350501300007,NVIDIA GeForce RTX 4080 SUPER,71.0,15718.0,16376.0,final-control-rep1,control,
51.453232133999336,NVIDIA GeForce RTX 4080 SUPER,68.0,15718.0,16376.0,final-control-rep1,control,
52.481859733999954,NVIDIA GeForce RTX 4080 SUPER,73.0,15717.0,16376.0,final-control-rep1,control,
53.50789021499986,NVIDIA GeForce RTX 4080 SUPER,75.0,15713.0,16376.0,final-control-rep1,control,
54.53731114999937,NVIDIA GeForce RTX 4080 SUPER,74.0,15713.0,16376.0,final-control-rep1,control,
55.56197881799926,NVIDIA GeForce RTX 4080 SUPER,74.0,15713.0,16376.0,final-control-rep1,control,
56.58942088099957,NVIDIA GeForce RTX 4080 SUPER,74.0,15713.0,16376.0,final-control-rep1,control,
57.61668269599977,NVIDIA GeForce RTX 4080 SUPER,74.0,15713.0,16376.0,final-control-rep1,control,
58.64497841499997,NVIDIA GeForce RTX 4080 SUPER,75.0,15713.0,16376.0,final-control-rep1,control,
59.67795429899979,NVIDIA GeForce RTX 4080 SUPER,72.0,15713.0,16376.0,final-control-rep1,control,
60.705542983999294,NVIDIA GeForce RTX 4080 SUPER,58.0,15713.0,16376.0,final-control-rep1,control,
0.024934982999184285,NVIDIA GeForce RTX 4080 SUPER,11.0,15715.0,16376.0,final-control-rep2,control,
1.0510414239997772,NVIDIA GeForce RTX 4080 SUPER,74.0,15716.0,16376.0,final-control-rep2,control,
2.077762996999809,NVIDIA GeForce RTX 4080 SUPER,75.0,15716.0,16376.0,final-control-rep2,control,
3.104132825999841,NVIDIA GeForce RTX 4080 SUPER,72.0,15716.0,16376.0,final-control-rep2,control,
4.134191697999995,NVIDIA GeForce RTX 4080 SUPER,76.0,15715.0,16376.0,final-control-rep2,control,
5.159216072999698,NVIDIA GeForce RTX 4080 SUPER,73.0,15711.0,16376.0,final-control-rep2,control,
6.187135889999809,NVIDIA GeForce RTX 4080 SUPER,73.0,15711.0,16376.0,final-control-rep2,control,
7.219422096000017,NVIDIA GeForce RTX 4080 SUPER,74.0,15711.0,16376.0,final-control-rep2,control,
8.24609066099947,NVIDIA GeForce RTX 4080 SUPER,75.0,15711.0,16376.0,final-control-rep2,control,
9.27173472999948,NVIDIA GeForce RTX 4080 SUPER,74.0,15711.0,16376.0,final-control-rep2,control,
10.298758027999611,NVIDIA GeForce RTX 4080 SUPER,74.0,15711.0,16376.0,final-control-rep2,control,
11.327658171999246,NVIDIA GeForce RTX 4080 SUPER,76.0,15711.0,16376.0,final-control-rep2,control,
12.356381528000384,NVIDIA GeForce RTX 4080 SUPER,70.0,15711.0,16376.0,final-control-rep2,control,
13.385300033999556,NVIDIA GeForce RTX 4080 SUPER,73.0,15711.0,16376.0,final-control-rep2,control,
14.41164245500022,NVIDIA GeForce RTX 4080 SUPER,73.0,15711.0,16376.0,final-control-rep2,control,
15.443738117998691,NVIDIA GeForce RTX 4080 SUPER,73.0,15711.0,16376.0,final-control-rep2,control,
16.48049568999977,NVIDIA GeForce RTX 4080 SUPER,74.0,15711.0,16376.0,final-control-rep2,control,
17.50716623899916,NVIDIA GeForce RTX 4080 SUPER,75.0,15711.0,16376.0,final-control-rep2,control,
18.535167282999282,NVIDIA GeForce RTX 4080 SUPER,76.0,15711.0,16376.0,final-control-rep2,control,
19.56502397299937,NVIDIA GeForce RTX 4080 SUPER,74.0,15711.0,16376.0,final-control-rep2,control,
20.598278708998805,NVIDIA GeForce RTX 4080 SUPER,75.0,15711.0,16376.0,final-control-rep2,control,
21.623905542000102,NVIDIA GeForce RTX 4080 SUPER,73.0,15711.0,16376.0,final-control-rep2,control,
22.64933323799869,NVIDIA GeForce RTX 4080 SUPER,75.0,15711.0,16376.0,final-control-rep2,control,
23.677379990999725,NVIDIA GeForce RTX 4080 SUPER,75.0,15711.0,16376.0,final-control-rep2,control,
24.705681688998993,NVIDIA GeForce RTX 4080 SUPER,73.0,15711.0,16376.0,final-control-rep2,control,
25.735761117000038,NVIDIA GeForce RTX 4080 SUPER,74.0,15711.0,16376.0,final-control-rep2,control,
26.760755705999145,NVIDIA GeForce RTX 4080 SUPER,76.0,15715.0,16376.0,final-control-rep2,control,
27.78991600899917,NVIDIA GeForce RTX 4080 SUPER,74.0,15715.0,16376.0,final-control-rep2,control,
28.819462739999835,NVIDIA GeForce RTX 4080 SUPER,76.0,15718.0,16376.0,final-control-rep2,control,
29.848778620999838,NVIDIA GeForce RTX 4080 SUPER,74.0,15718.0,16376.0,final-control-rep2,control,
30.875033784000152,NVIDIA GeForce RTX 4080 SUPER,74.0,15718.0,16376.0,final-control-rep2,control,
31.9013560100002,NVIDIA GeForce RTX 4080 SUPER,75.0,15714.0,16376.0,final-control-rep2,control,
32.92858211899966,NVIDIA GeForce RTX 4080 SUPER,76.0,15714.0,16376.0,final-control-rep2,control,
33.95473137299905,NVIDIA GeForce RTX 4080 SUPER,73.0,15714.0,16376.0,final-control-rep2,control,
34.980746991998785,NVIDIA GeForce RTX 4080 SUPER,75.0,15714.0,16376.0,final-control-rep2,control,
36.0100219499991,NVIDIA GeForce RTX 4080 SUPER,75.0,15714.0,16376.0,final-control-rep2,control,
37.03854790399873,NVIDIA GeForce RTX 4080 SUPER,74.0,15714.0,16376.0,final-control-rep2,control,
38.06745130699983,NVIDIA GeForce RTX 4080 SUPER,79.0,15729.0,16376.0,final-control-rep2,control,
39.098434993999945,NVIDIA GeForce RTX 4080 SUPER,70.0,15774.0,16376.0,final-control-rep2,control,
40.12463007899987,NVIDIA GeForce RTX 4080 SUPER,77.0,15759.0,16376.0,final-control-rep2,control,
41.152561686999434,NVIDIA GeForce RTX 4080 SUPER,78.0,15750.0,16376.0,final-control-rep2,control,
42.1822566740002,NVIDIA GeForce RTX 4080 SUPER,73.0,15743.0,16376.0,final-control-rep2,control,
43.21082307599954,NVIDIA GeForce RTX 4080 SUPER,81.0,15752.0,16376.0,final-control-rep2,control,
44.24085626800024,NVIDIA GeForce RTX 4080 SUPER,78.0,15758.0,16376.0,final-control-rep2,control,
45.267992177999076,NVIDIA GeForce RTX 4080 SUPER,74.0,15757.0,16376.0,final-control-rep2,control,
46.298356853999394,NVIDIA GeForce RTX 4080 SUPER,74.0,15756.0,16376.0,final-control-rep2,control,
47.3249882909995,NVIDIA GeForce RTX 4080 SUPER,74.0,15756.0,16376.0,final-control-rep2,control,
48.35305652399893,NVIDIA GeForce RTX 4080 SUPER,75.0,15756.0,16376.0,final-control-rep2,control,
49.38057426499927,NVIDIA GeForce RTX 4080 SUPER,74.0,15735.0,16376.0,final-control-rep2,control,
50.40780284599987,NVIDIA GeForce RTX 4080 SUPER,74.0,15733.0,16376.0,final-control-rep2,control,
51.43455379599891,NVIDIA GeForce RTX 4080 SUPER,74.0,15734.0,16376.0,final-control-rep2,control,
52.46538520999911,NVIDIA GeForce RTX 4080 SUPER,73.0,15763.0,16376.0,final-control-rep2,control,
53.49632761399971,NVIDIA GeForce RTX 4080 SUPER,75.0,15762.0,16376.0,final-control-rep2,control,
54.52529144299933,NVIDIA GeForce RTX 4080 SUPER,73.0,15761.0,16376.0,final-control-rep2,control,
55.55407944499984,NVIDIA GeForce RTX 4080 SUPER,68.0,15735.0,16376.0,final-control-rep2,control,
56.584765286998845,NVIDIA GeForce RTX 4080 SUPER,75.0,15713.0,16376.0,final-control-rep2,control,
57.61181077699894,NVIDIA GeForce RTX 4080 SUPER,73.0,15713.0,16376.0,final-control-rep2,control,
58.640948821000165,NVIDIA GeForce RTX 4080 SUPER,69.0,15709.0,16376.0,final-control-rep2,control,
59.66814551100015,NVIDIA GeForce RTX 4080 SUPER,73.0,15707.0,16376.0,final-control-rep2,control,
60.693412308000006,NVIDIA GeForce RTX 4080 SUPER,59.0,15708.0,16376.0,final-control-rep2,control,
0.02639181000085955,NVIDIA GeForce RTX 4080 SUPER,9.0,15735.0,16376.0,final-control-rep3,control,
1.0529257710004458,NVIDIA GeForce RTX 4080 SUPER,70.0,15727.0,16376.0,final-control-rep3,control,
2.079029806000108,NVIDIA GeForce RTX 4080 SUPER,74.0,15714.0,16376.0,final-control-rep3,control,
3.103579004000494,NVIDIA GeForce RTX 4080 SUPER,69.0,15708.0,16376.0,final-control-rep3,control,
4.140074318000188,NVIDIA GeForce RTX 4080 SUPER,75.0,15708.0,16376.0,final-control-rep3,control,
5.171867037000993,NVIDIA GeForce RTX 4080 SUPER,73.0,15708.0,16376.0,final-control-rep3,control,
6.198678265000126,NVIDIA GeForce RTX 4080 SUPER,74.0,15707.0,16376.0,final-control-rep3,control,
7.237702517000798,NVIDIA GeForce RTX 4080 SUPER,74.0,15707.0,16376.0,final-control-rep3,control,
8.266983237999739,NVIDIA GeForce RTX 4080 SUPER,74.0,15707.0,16376.0,final-control-rep3,control,
9.293119355999806,NVIDIA GeForce RTX 4080 SUPER,73.0,15708.0,16376.0,final-control-rep3,control,
10.319905492000544,NVIDIA GeForce RTX 4080 SUPER,74.0,15708.0,16376.0,final-control-rep3,control,
11.346017042000312,NVIDIA GeForce RTX 4080 SUPER,76.0,15708.0,16376.0,final-control-rep3,control,
12.372689091000211,NVIDIA GeForce RTX 4080 SUPER,74.0,15708.0,16376.0,final-control-rep3,control,
13.398538935000033,NVIDIA GeForce RTX 4080 SUPER,74.0,15708.0,16376.0,final-control-rep3,control,
14.42597928000032,NVIDIA GeForce RTX 4080 SUPER,74.0,15708.0,16376.0,final-control-rep3,control,
15.451705536999725,NVIDIA GeForce RTX 4080 SUPER,74.0,15708.0,16376.0,final-control-rep3,control,
16.477918069000225,NVIDIA GeForce RTX 4080 SUPER,73.0,15704.0,16376.0,final-control-rep3,control,
17.506217672000275,NVIDIA GeForce RTX 4080 SUPER,71.0,15704.0,16376.0,final-control-rep3,control,
18.537471290001122,NVIDIA GeForce RTX 4080 SUPER,74.0,15704.0,16376.0,final-control-rep3,control,
19.565742103000957,NVIDIA GeForce RTX 4080 SUPER,72.0,15708.0,16376.0,final-control-rep3,control,
20.594869904000006,NVIDIA GeForce RTX 4080 SUPER,74.0,15708.0,16376.0,final-control-rep3,control,
21.62150962600026,NVIDIA GeForce RTX 4080 SUPER,74.0,15707.0,16376.0,final-control-rep3,control,
22.651498883000386,NVIDIA GeForce RTX 4080 SUPER,76.0,15707.0,16376.0,final-control-rep3,control,
23.681009990001257,NVIDIA GeForce RTX 4080 SUPER,75.0,15707.0,16376.0,final-control-rep3,control,
24.71205438800098,NVIDIA GeForce RTX 4080 SUPER,75.0,15703.0,16376.0,final-control-rep3,control,
25.737924083001417,NVIDIA GeForce RTX 4080 SUPER,76.0,15703.0,16376.0,final-control-rep3,control,
26.764365699000336,NVIDIA GeForce RTX 4080 SUPER,71.0,15703.0,16376.0,final-control-rep3,control,
27.79255785100031,NVIDIA GeForce RTX 4080 SUPER,73.0,15703.0,16376.0,final-control-rep3,control,
28.827464744999816,NVIDIA GeForce RTX 4080 SUPER,74.0,15704.0,16376.0,final-control-rep3,control,
29.85654405600144,NVIDIA GeForce RTX 4080 SUPER,75.0,15704.0,16376.0,final-control-rep3,control,
30.88647925999976,NVIDIA GeForce RTX 4080 SUPER,73.0,15747.0,16376.0,final-control-rep3,control,
31.916077300000325,NVIDIA GeForce RTX 4080 SUPER,77.0,15753.0,16376.0,final-control-rep3,control,
32.943475068001135,NVIDIA GeForce RTX 4080 SUPER,76.0,15772.0,16376.0,final-control-rep3,control,
33.97106585700021,NVIDIA GeForce RTX 4080 SUPER,75.0,15769.0,16376.0,final-control-rep3,control,
35.004802460000064,NVIDIA GeForce RTX 4080 SUPER,77.0,15758.0,16376.0,final-control-rep3,control,
36.03557307400115,NVIDIA GeForce RTX 4080 SUPER,80.0,15767.0,16376.0,final-control-rep3,control,
37.063853894000204,NVIDIA GeForce RTX 4080 SUPER,84.0,15784.0,16376.0,final-control-rep3,control,
38.09595308900134,NVIDIA GeForce RTX 4080 SUPER,82.0,15791.0,16376.0,final-control-rep3,control,
39.12157561800086,NVIDIA GeForce RTX 4080 SUPER,80.0,15799.0,16376.0,final-control-rep3,control,
40.14839920400118,NVIDIA GeForce RTX 4080 SUPER,80.0,15795.0,16376.0,final-control-rep3,control,
41.17681886900027,NVIDIA GeForce RTX 4080 SUPER,79.0,15773.0,16376.0,final-control-rep3,control,
42.20657677000054,NVIDIA GeForce RTX 4080 SUPER,83.0,15773.0,16376.0,final-control-rep3,control,
43.23266195600081,NVIDIA GeForce RTX 4080 SUPER,84.0,15745.0,16376.0,final-control-rep3,control,
44.261658510000416,NVIDIA GeForce RTX 4080 SUPER,84.0,15732.0,16376.0,final-control-rep3,control,
45.29989380200095,NVIDIA GeForce RTX 4080 SUPER,80.0,15759.0,16376.0,final-control-rep3,control,
46.3293154790008,NVIDIA GeForce RTX 4080 SUPER,78.0,15759.0,16376.0,final-control-rep3,control,
47.35650701400118,NVIDIA GeForce RTX 4080 SUPER,78.0,15763.0,16376.0,final-control-rep3,control,
48.38648878599997,NVIDIA GeForce RTX 4080 SUPER,75.0,15753.0,16376.0,final-control-rep3,control,
49.412364536001405,NVIDIA GeForce RTX 4080 SUPER,77.0,15756.0,16376.0,final-control-rep3,control,
50.441206241001055,NVIDIA GeForce RTX 4080 SUPER,79.0,15748.0,16376.0,final-control-rep3,control,
51.46720768100022,NVIDIA GeForce RTX 4080 SUPER,78.0,15785.0,16376.0,final-control-rep3,control,
52.49742885500018,NVIDIA GeForce RTX 4080 SUPER,76.0,15778.0,16376.0,final-control-rep3,control,
53.52400977900106,NVIDIA GeForce RTX 4080 SUPER,76.0,15774.0,16376.0,final-control-rep3,control,
54.55669265100005,NVIDIA GeForce RTX 4080 SUPER,74.0,15777.0,16376.0,final-control-rep3,control,
55.58346559100028,NVIDIA GeForce RTX 4080 SUPER,77.0,15777.0,16376.0,final-control-rep3,control,
56.60887462200117,NVIDIA GeForce RTX 4080 SUPER,72.0,15777.0,16376.0,final-control-rep3,control,
57.638597914001366,NVIDIA GeForce RTX 4080 SUPER,74.0,15775.0,16376.0,final-control-rep3,control,
58.66764805100138,NVIDIA GeForce RTX 4080 SUPER,77.0,15784.0,16376.0,final-control-rep3,control,
59.69999508500041,NVIDIA GeForce RTX 4080 SUPER,73.0,15784.0,16376.0,final-control-rep3,control,
60.72791147800126,NVIDIA GeForce RTX 4080 SUPER,61.0,15774.0,16376.0,final-control-rep3,control,
0.02679507499851752,NVIDIA GeForce RTX 4080 SUPER,27.0,15785.0,16376.0,final-mixed-bg16-rep1,mixed,16.0
1.0533433689997764,NVIDIA GeForce RTX 4080 SUPER,78.0,15788.0,16376.0,final-mixed-bg16-rep1,mixed,16.0
2.0812080899995635,NVIDIA GeForce RTX 4080 SUPER,74.0,15767.0,16376.0,final-mixed-bg16-rep1,mixed,16.0
3.110311369999181,NVIDIA GeForce RTX 4080 SUPER,73.0,15767.0,16376.0,final-mixed-bg16-rep1,mixed,16.0
4.136556362998817,NVIDIA GeForce RTX 4080 SUPER,74.0,15756.0,16376.0,final-mixed-bg16-rep1,mixed,16.0
5.164570659999299,NVIDIA GeForce RTX 4080 SUPER,82.0,15775.0,16376.0,final-mixed-bg16-rep1,mixed,16.0
6.191795466998883,NVIDIA GeForce RTX 4080 SUPER,77.0,15775.0,16376.0,final-mixed-bg16-rep1,mixed,16.0
7.221027965999383,NVIDIA GeForce RTX 4080 SUPER,79.0,15752.0,16376.0,final-mixed-bg16-rep1,mixed,16.0
8.247543452998798,NVIDIA GeForce RTX 4080 SUPER,74.0,15743.0,16376.0,final-mixed-bg16-rep1,mixed,16.0
9.27832441999999,NVIDIA GeForce RTX 4080 SUPER,72.0,15741.0,16376.0,final-mixed-bg16-rep1,mixed,16.0
10.304604100998404,NVIDIA GeForce RTX 4080 SUPER,73.0,15741.0,16376.0,final-mixed-bg16-rep1,mixed,16.0
11.331941528998868,NVIDIA GeForce RTX 4080 SUPER,75.0,15773.0,16376.0,final-mixed-bg16-rep1,mixed,16.0
12.369727446999605,NVIDIA GeForce RTX 4080 SUPER,74.0,15777.0,16376.0,final-mixed-bg16-rep1,mixed,16.0
13.396148112999072,NVIDIA GeForce RTX 4080 SUPER,73.0,15771.0,16376.0,final-mixed-bg16-rep1,mixed,16.0
14.42233670999849,NVIDIA GeForce RTX 4080 SUPER,74.0,15774.0,16376.0,final-mixed-bg16-rep1,mixed,16.0
15.450546438998572,NVIDIA GeForce RTX 4080 SUPER,96.0,15759.0,16376.0,final-mixed-bg16-rep1,mixed,16.0
16.482389216998854,NVIDIA GeForce RTX 4080 SUPER,99.0,15759.0,16376.0,final-mixed-bg16-rep1,mixed,16.0
17.510554125999988,NVIDIA GeForce RTX 4080 SUPER,99.0,15749.0,16376.0,final-mixed-bg16-rep1,mixed,16.0
18.538952733999395,NVIDIA GeForce RTX 4080 SUPER,99.0,15770.0,16376.0,final-mixed-bg16-rep1,mixed,16.0
19.569934284998453,NVIDIA GeForce RTX 4080 SUPER,99.0,15782.0,16376.0,final-mixed-bg16-rep1,mixed,16.0
20.602238054998452,NVIDIA GeForce RTX 4080 SUPER,100.0,15803.0,16376.0,final-mixed-bg16-rep1,mixed,16.0
21.658173585999975,NVIDIA GeForce RTX 4080 SUPER,100.0,15768.0,16376.0,final-mixed-bg16-rep1,mixed,16.0
22.68409926499953,NVIDIA GeForce RTX 4080 SUPER,100.0,15766.0,16376.0,final-mixed-bg16-rep1,mixed,16.0
23.715679131999423,NVIDIA GeForce RTX 4080 SUPER,99.0,15765.0,16376.0,final-mixed-bg16-rep1,mixed,16.0
24.743943122999553,NVIDIA GeForce RTX 4080 SUPER,100.0,15757.0,16376.0,final-mixed-bg16-rep1,mixed,16.0
25.779265182998643,NVIDIA GeForce RTX 4080 SUPER,100.0,15762.0,16376.0,final-mixed-bg16-rep1,mixed,16.0
26.81016526699932,NVIDIA GeForce RTX 4080 SUPER,100.0,15767.0,16376.0,final-mixed-bg16-rep1,mixed,16.0
27.84023810399958,NVIDIA GeForce RTX 4080 SUPER,100.0,15779.0,16376.0,final-mixed-bg16-rep1,mixed,16.0
28.869868829999177,NVIDIA GeForce RTX 4080 SUPER,99.0,15826.0,16376.0,final-mixed-bg16-rep1,mixed,16.0
29.90485417599848,NVIDIA GeForce RTX 4080 SUPER,100.0,15814.0,16376.0,final-mixed-bg16-rep1,mixed,16.0
30.93794683499982,NVIDIA GeForce RTX 4080 SUPER,99.0,15815.0,16376.0,final-mixed-bg16-rep1,mixed,16.0
31.974780796999767,NVIDIA GeForce RTX 4080 SUPER,100.0,15788.0,16376.0,final-mixed-bg16-rep1,mixed,16.0
33.00770500999897,NVIDIA GeForce RTX 4080 SUPER,100.0,15702.0,16376.0,final-mixed-bg16-rep1,mixed,16.0
34.05188329599878,NVIDIA GeForce RTX 4080 SUPER,100.0,15693.0,16376.0,final-mixed-bg16-rep1,mixed,16.0
35.08091037399936,NVIDIA GeForce RTX 4080 SUPER,100.0,15693.0,16376.0,final-mixed-bg16-rep1,mixed,16.0
36.1150221959997,NVIDIA GeForce RTX 4080 SUPER,99.0,15732.0,16376.0,final-mixed-bg16-rep1,mixed,16.0
37.14219675999993,NVIDIA GeForce RTX 4080 SUPER,100.0,15730.0,16376.0,final-mixed-bg16-rep1,mixed,16.0
38.18410984899856,NVIDIA GeForce RTX 4080 SUPER,100.0,15701.0,16376.0,final-mixed-bg16-rep1,mixed,16.0
39.23407715899884,NVIDIA GeForce RTX 4080 SUPER,100.0,15701.0,16376.0,final-mixed-bg16-rep1,mixed,16.0
40.281042669999806,NVIDIA GeForce RTX 4080 SUPER,99.0,15701.0,16376.0,final-mixed-bg16-rep1,mixed,16.0
41.32658554399859,NVIDIA GeForce RTX 4080 SUPER,99.0,15677.0,16376.0,final-mixed-bg16-rep1,mixed,16.0
42.37270061199888,NVIDIA GeForce RTX 4080 SUPER,99.0,15677.0,16376.0,final-mixed-bg16-rep1,mixed,16.0
43.86301221499889,NVIDIA GeForce RTX 4080 SUPER,99.0,15679.0,16376.0,final-mixed-bg16-rep1,mixed,16.0
47.59737846600001,NVIDIA GeForce RTX 4080 SUPER,5.0,15679.0,16376.0,final-mixed-bg16-rep1,mixed,16.0
49.0905721099989,NVIDIA GeForce RTX 4080 SUPER,15.0,15723.0,16376.0,final-mixed-bg16-rep1,mixed,16.0
50.122196745998735,NVIDIA GeForce RTX 4080 SUPER,89.0,15788.0,16376.0,final-mixed-bg16-rep1,mixed,16.0
51.168061641999884,NVIDIA GeForce RTX 4080 SUPER,99.0,15788.0,16376.0,final-mixed-bg16-rep1,mixed,16.0
54.21365985899865,NVIDIA GeForce RTX 4080 SUPER,81.0,15746.0,16376.0,final-mixed-bg16-rep1,mixed,16.0
57.63840833699942,NVIDIA GeForce RTX 4080 SUPER,14.0,15757.0,16376.0,final-mixed-bg16-rep1,mixed,16.0
58.70350746599979,NVIDIA GeForce RTX 4080 SUPER,83.0,15757.0,16376.0,final-mixed-bg16-rep1,mixed,16.0
63.01208832999873,NVIDIA GeForce RTX 4080 SUPER,76.0,15756.0,16376.0,final-mixed-bg16-rep1,mixed,16.0
64.34904171099879,NVIDIA GeForce RTX 4080 SUPER,57.0,15755.0,16376.0,final-mixed-bg16-rep1,mixed,16.0
65.37648939499923,NVIDIA GeForce RTX 4080 SUPER,64.0,15751.0,16376.0,final-mixed-bg16-rep1,mixed,16.0
0.02833705299963185,NVIDIA GeForce RTX 4080 SUPER,10.0,15758.0,16376.0,final-mixed-bg16-rep2,mixed,16.0
1.0568888170000719,NVIDIA GeForce RTX 4080 SUPER,76.0,15756.0,16376.0,final-mixed-bg16-rep2,mixed,16.0
2.0884324260005087,NVIDIA GeForce RTX 4080 SUPER,74.0,15756.0,16376.0,final-mixed-bg16-rep2,mixed,16.0
3.1203595329989184,NVIDIA GeForce RTX 4080 SUPER,75.0,15755.0,16376.0,final-mixed-bg16-rep2,mixed,16.0
4.151510125999266,NVIDIA GeForce RTX 4080 SUPER,75.0,15754.0,16376.0,final-mixed-bg16-rep2,mixed,16.0
5.180584506999367,NVIDIA GeForce RTX 4080 SUPER,73.0,15746.0,16376.0,final-mixed-bg16-rep2,mixed,16.0
6.206955139999991,NVIDIA GeForce RTX 4080 SUPER,72.0,15752.0,16376.0,final-mixed-bg16-rep2,mixed,16.0
7.233307606999006,NVIDIA GeForce RTX 4080 SUPER,74.0,15752.0,16376.0,final-mixed-bg16-rep2,mixed,16.0
8.263025525999183,NVIDIA GeForce RTX 4080 SUPER,75.0,15751.0,16376.0,final-mixed-bg16-rep2,mixed,16.0
9.289412746999005,NVIDIA GeForce RTX 4080 SUPER,73.0,15751.0,16376.0,final-mixed-bg16-rep2,mixed,16.0
10.315227627999775,NVIDIA GeForce RTX 4080 SUPER,73.0,15751.0,16376.0,final-mixed-bg16-rep2,mixed,16.0
11.341239925999616,NVIDIA GeForce RTX 4080 SUPER,73.0,15779.0,16376.0,final-mixed-bg16-rep2,mixed,16.0
12.367601621999711,NVIDIA GeForce RTX 4080 SUPER,75.0,15771.0,16376.0,final-mixed-bg16-rep2,mixed,16.0
13.393358445000558,NVIDIA GeForce RTX 4080 SUPER,70.0,15771.0,16376.0,final-mixed-bg16-rep2,mixed,16.0
14.42319334000058,NVIDIA GeForce RTX 4080 SUPER,75.0,15765.0,16376.0,final-mixed-bg16-rep2,mixed,16.0
15.448213256999225,NVIDIA GeForce RTX 4080 SUPER,93.0,15800.0,16376.0,final-mixed-bg16-rep2,mixed,16.0
16.660307500000272,NVIDIA GeForce RTX 4080 SUPER,31.0,15811.0,16376.0,final-mixed-bg16-rep2,mixed,16.0
17.69081786499919,NVIDIA GeForce RTX 4080 SUPER,100.0,15792.0,16376.0,final-mixed-bg16-rep2,mixed,16.0
18.726709124999616,NVIDIA GeForce RTX 4080 SUPER,99.0,15799.0,16376.0,final-mixed-bg16-rep2,mixed,16.0
19.756687340999633,NVIDIA GeForce RTX 4080 SUPER,99.0,15801.0,16376.0,final-mixed-bg16-rep2,mixed,16.0
20.79382919300042,NVIDIA GeForce RTX 4080 SUPER,100.0,15804.0,16376.0,final-mixed-bg16-rep2,mixed,16.0
21.823626887999126,NVIDIA GeForce RTX 4080 SUPER,100.0,15812.0,16376.0,final-mixed-bg16-rep2,mixed,16.0
22.85320794600011,NVIDIA GeForce RTX 4080 SUPER,100.0,15799.0,16376.0,final-mixed-bg16-rep2,mixed,16.0
23.88567625900032,NVIDIA GeForce RTX 4080 SUPER,100.0,15796.0,16376.0,final-mixed-bg16-rep2,mixed,16.0
24.91084076200059,NVIDIA GeForce RTX 4080 SUPER,100.0,15785.0,16376.0,final-mixed-bg16-rep2,mixed,16.0
25.93381089200011,NVIDIA GeForce RTX 4080 SUPER,100.0,15784.0,16376.0,final-mixed-bg16-rep2,mixed,16.0
26.96203541399882,NVIDIA GeForce RTX 4080 SUPER,100.0,15778.0,16376.0,final-mixed-bg16-rep2,mixed,16.0
27.99066875400058,NVIDIA GeForce RTX 4080 SUPER,100.0,15776.0,16376.0,final-mixed-bg16-rep2,mixed,16.0
29.02113954900051,NVIDIA GeForce RTX 4080 SUPER,100.0,15776.0,16376.0,final-mixed-bg16-rep2,mixed,16.0
30.05620923999959,NVIDIA GeForce RTX 4080 SUPER,100.0,15775.0,16376.0,final-mixed-bg16-rep2,mixed,16.0
31.083661046999623,NVIDIA GeForce RTX 4080 SUPER,100.0,15775.0,16376.0,final-mixed-bg16-rep2,mixed,16.0
32.10797133400047,NVIDIA GeForce RTX 4080 SUPER,100.0,15771.0,16376.0,final-mixed-bg16-rep2,mixed,16.0
33.132964364000145,NVIDIA GeForce RTX 4080 SUPER,100.0,15771.0,16376.0,final-mixed-bg16-rep2,mixed,16.0
34.16445236099935,NVIDIA GeForce RTX 4080 SUPER,100.0,15771.0,16376.0,final-mixed-bg16-rep2,mixed,16.0
35.193832607999866,NVIDIA GeForce RTX 4080 SUPER,100.0,15771.0,16376.0,final-mixed-bg16-rep2,mixed,16.0
36.225845635999576,NVIDIA GeForce RTX 4080 SUPER,100.0,15771.0,16376.0,final-mixed-bg16-rep2,mixed,16.0
37.27556594399903,NVIDIA GeForce RTX 4080 SUPER,100.0,15771.0,16376.0,final-mixed-bg16-rep2,mixed,16.0
38.31572278500062,NVIDIA GeForce RTX 4080 SUPER,100.0,15771.0,16376.0,final-mixed-bg16-rep2,mixed,16.0
39.4091377299992,NVIDIA GeForce RTX 4080 SUPER,99.0,15772.0,16376.0,final-mixed-bg16-rep2,mixed,16.0
41.45374283199999,NVIDIA GeForce RTX 4080 SUPER,40.0,15799.0,16376.0,final-mixed-bg16-rep2,mixed,16.0
42.89657429399995,NVIDIA GeForce RTX 4080 SUPER,57.0,15789.0,16376.0,final-mixed-bg16-rep2,mixed,16.0
44.18553102700025,NVIDIA GeForce RTX 4080 SUPER,57.0,15789.0,16376.0,final-mixed-bg16-rep2,mixed,16.0
45.223885813999004,NVIDIA GeForce RTX 4080 SUPER,62.0,15789.0,16376.0,final-mixed-bg16-rep2,mixed,16.0
46.25448098999914,NVIDIA GeForce RTX 4080 SUPER,100.0,15779.0,16376.0,final-mixed-bg16-rep2,mixed,16.0
47.63771520000046,NVIDIA GeForce RTX 4080 SUPER,96.0,15779.0,16376.0,final-mixed-bg16-rep2,mixed,16.0
49.462954683000135,NVIDIA GeForce RTX 4080 SUPER,54.0,15779.0,16376.0,final-mixed-bg16-rep2,mixed,16.0
51.2381337099996,NVIDIA GeForce RTX 4080 SUPER,54.0,15779.0,16376.0,final-mixed-bg16-rep2,mixed,16.0
52.37911809399884,NVIDIA GeForce RTX 4080 SUPER,57.0,15779.0,16376.0,final-mixed-bg16-rep2,mixed,16.0
53.42771457100025,NVIDIA GeForce RTX 4080 SUPER,97.0,15778.0,16376.0,final-mixed-bg16-rep2,mixed,16.0
55.64841348200025,NVIDIA GeForce RTX 4080 SUPER,100.0,15778.0,16376.0,final-mixed-bg16-rep2,mixed,16.0
57.550020390999634,NVIDIA GeForce RTX 4080 SUPER,1.0,15778.0,16376.0,final-mixed-bg16-rep2,mixed,16.0
58.974486582999816,NVIDIA GeForce RTX 4080 SUPER,51.0,15776.0,16376.0,final-mixed-bg16-rep2,mixed,16.0
60.01103734900062,NVIDIA GeForce RTX 4080 SUPER,63.0,15776.0,16376.0,final-mixed-bg16-rep2,mixed,16.0
61.77044973299962,NVIDIA GeForce RTX 4080 SUPER,100.0,15777.0,16376.0,final-mixed-bg16-rep2,mixed,16.0
0.025172370000291266,NVIDIA GeForce RTX 4080 SUPER,1.0,15729.0,16376.0,final-mixed-bg16-rep3,mixed,16.0
1.0507327939994866,NVIDIA GeForce RTX 4080 SUPER,74.0,15729.0,16376.0,final-mixed-bg16-rep3,mixed,16.0
2.0765836850005144,NVIDIA GeForce RTX 4080 SUPER,70.0,15729.0,16376.0,final-mixed-bg16-rep3,mixed,16.0
3.1053226980002364,NVIDIA GeForce RTX 4080 SUPER,68.0,15729.0,16376.0,final-mixed-bg16-rep3,mixed,16.0
4.130786931998955,NVIDIA GeForce RTX 4080 SUPER,72.0,15729.0,16376.0,final-mixed-bg16-rep3,mixed,16.0
5.155887568000253,NVIDIA GeForce RTX 4080 SUPER,73.0,15729.0,16376.0,final-mixed-bg16-rep3,mixed,16.0
6.187349734000236,NVIDIA GeForce RTX 4080 SUPER,72.0,15729.0,16376.0,final-mixed-bg16-rep3,mixed,16.0
7.2125948979992245,NVIDIA GeForce RTX 4080 SUPER,60.0,15729.0,16376.0,final-mixed-bg16-rep3,mixed,16.0
8.242334185999425,NVIDIA GeForce RTX 4080 SUPER,62.0,15729.0,16376.0,final-mixed-bg16-rep3,mixed,16.0
9.273479342999053,NVIDIA GeForce RTX 4080 SUPER,62.0,15729.0,16376.0,final-mixed-bg16-rep3,mixed,16.0
10.296770463999565,NVIDIA GeForce RTX 4080 SUPER,72.0,15730.0,16376.0,final-mixed-bg16-rep3,mixed,16.0
11.322210971999084,NVIDIA GeForce RTX 4080 SUPER,66.0,15730.0,16376.0,final-mixed-bg16-rep3,mixed,16.0
12.351646785000412,NVIDIA GeForce RTX 4080 SUPER,66.0,15730.0,16376.0,final-mixed-bg16-rep3,mixed,16.0
13.377640815999257,NVIDIA GeForce RTX 4080 SUPER,67.0,15730.0,16376.0,final-mixed-bg16-rep3,mixed,16.0
14.404612885999086,NVIDIA GeForce RTX 4080 SUPER,67.0,15729.0,16376.0,final-mixed-bg16-rep3,mixed,16.0
15.43149491999975,NVIDIA GeForce RTX 4080 SUPER,88.0,15729.0,16376.0,final-mixed-bg16-rep3,mixed,16.0
16.477573281999867,NVIDIA GeForce RTX 4080 SUPER,91.0,15730.0,16376.0,final-mixed-bg16-rep3,mixed,16.0
17.50298459899932,NVIDIA GeForce RTX 4080 SUPER,99.0,15730.0,16376.0,final-mixed-bg16-rep3,mixed,16.0
18.537993773999915,NVIDIA GeForce RTX 4080 SUPER,100.0,15730.0,16376.0,final-mixed-bg16-rep3,mixed,16.0
19.56613792799908,NVIDIA GeForce RTX 4080 SUPER,100.0,15730.0,16376.0,final-mixed-bg16-rep3,mixed,16.0
20.593250419999094,NVIDIA GeForce RTX 4080 SUPER,100.0,15730.0,16376.0,final-mixed-bg16-rep3,mixed,16.0
21.63149541200073,NVIDIA GeForce RTX 4080 SUPER,100.0,15730.0,16376.0,final-mixed-bg16-rep3,mixed,16.0
22.664631126999666,NVIDIA GeForce RTX 4080 SUPER,100.0,15730.0,16376.0,final-mixed-bg16-rep3,mixed,16.0
23.692804977999913,NVIDIA GeForce RTX 4080 SUPER,100.0,15730.0,16376.0,final-mixed-bg16-rep3,mixed,16.0
24.72579674699955,NVIDIA GeForce RTX 4080 SUPER,99.0,15730.0,16376.0,final-mixed-bg16-rep3,mixed,16.0
25.76068333299918,NVIDIA GeForce RTX 4080 SUPER,100.0,15730.0,16376.0,final-mixed-bg16-rep3,mixed,16.0
26.795551897999758,NVIDIA GeForce RTX 4080 SUPER,100.0,15730.0,16376.0,final-mixed-bg16-rep3,mixed,16.0
27.82003004699982,NVIDIA GeForce RTX 4080 SUPER,100.0,15730.0,16376.0,final-mixed-bg16-rep3,mixed,16.0
28.843479569999545,NVIDIA GeForce RTX 4080 SUPER,100.0,15730.0,16376.0,final-mixed-bg16-rep3,mixed,16.0
29.869602785000097,NVIDIA GeForce RTX 4080 SUPER,100.0,15730.0,16376.0,final-mixed-bg16-rep3,mixed,16.0
30.904675493999093,NVIDIA GeForce RTX 4080 SUPER,100.0,15730.0,16376.0,final-mixed-bg16-rep3,mixed,16.0
31.930392442000084,NVIDIA GeForce RTX 4080 SUPER,100.0,15729.0,16376.0,final-mixed-bg16-rep3,mixed,16.0
32.955544209000436,NVIDIA GeForce RTX 4080 SUPER,100.0,15729.0,16376.0,final-mixed-bg16-rep3,mixed,16.0
33.98280741099916,NVIDIA GeForce RTX 4080 SUPER,100.0,15729.0,16376.0,final-mixed-bg16-rep3,mixed,16.0
35.0535067059991,NVIDIA GeForce RTX 4080 SUPER,100.0,15729.0,16376.0,final-mixed-bg16-rep3,mixed,16.0
36.08665646100053,NVIDIA GeForce RTX 4080 SUPER,100.0,15730.0,16376.0,final-mixed-bg16-rep3,mixed,16.0
37.12385636399995,NVIDIA GeForce RTX 4080 SUPER,100.0,15730.0,16376.0,final-mixed-bg16-rep3,mixed,16.0
38.16475208600059,NVIDIA GeForce RTX 4080 SUPER,100.0,15730.0,16376.0,final-mixed-bg16-rep3,mixed,16.0
39.424195350000446,NVIDIA GeForce RTX 4080 SUPER,99.0,15730.0,16376.0,final-mixed-bg16-rep3,mixed,16.0
40.66607292899971,NVIDIA GeForce RTX 4080 SUPER,41.0,15730.0,16376.0,final-mixed-bg16-rep3,mixed,16.0
42.06590092499937,NVIDIA GeForce RTX 4080 SUPER,51.0,15730.0,16376.0,final-mixed-bg16-rep3,mixed,16.0
43.377877872999306,NVIDIA GeForce RTX 4080 SUPER,55.0,15730.0,16376.0,final-mixed-bg16-rep3,mixed,16.0
44.43967296899973,NVIDIA GeForce RTX 4080 SUPER,58.0,15730.0,16376.0,final-mixed-bg16-rep3,mixed,16.0
45.47980403300062,NVIDIA GeForce RTX 4080 SUPER,100.0,15730.0,16376.0,final-mixed-bg16-rep3,mixed,16.0
47.14692031300001,NVIDIA GeForce RTX 4080 SUPER,62.0,15730.0,16376.0,final-mixed-bg16-rep3,mixed,16.0
48.686465803999454,NVIDIA GeForce RTX 4080 SUPER,3.0,15730.0,16376.0,final-mixed-bg16-rep3,mixed,16.0
50.24474728200039,NVIDIA GeForce RTX 4080 SUPER,52.0,15737.0,16376.0,final-mixed-bg16-rep3,mixed,16.0
51.35299301399937,NVIDIA GeForce RTX 4080 SUPER,53.0,15737.0,16376.0,final-mixed-bg16-rep3,mixed,16.0
52.38644716999988,NVIDIA GeForce RTX 4080 SUPER,90.0,15737.0,16376.0,final-mixed-bg16-rep3,mixed,16.0
54.22247851800057,NVIDIA GeForce RTX 4080 SUPER,96.0,15737.0,16376.0,final-mixed-bg16-rep3,mixed,16.0
56.731515781999406,NVIDIA GeForce RTX 4080 SUPER,54.0,15737.0,16376.0,final-mixed-bg16-rep3,mixed,16.0
58.3398238259997,NVIDIA GeForce RTX 4080 SUPER,48.0,15737.0,16376.0,final-mixed-bg16-rep3,mixed,16.0
59.367803069999354,NVIDIA GeForce RTX 4080 SUPER,51.0,15737.0,16376.0,final-mixed-bg16-rep3,mixed,16.0
60.415538457000366,NVIDIA GeForce RTX 4080 SUPER,100.0,15737.0,16376.0,final-mixed-bg16-rep3,mixed,16.0
62.59188286300014,NVIDIA GeForce RTX 4080 SUPER,0.0,15737.0,16376.0,final-mixed-bg16-rep3,mixed,16.0
